id,name,zip,state
1686321335615ehtl7hk1,ciudad autonoma buenos aires,c1001aaa,capital federal,
id,name,zip,state
16863213421437b6ib0cr,ciudad autonoma buenos aires,c1001aab,capital federal,
id,name,zip,state
1686321347773py4ilukk,ciudad autonoma buenos aires,c1001aac,capital federal,
id,name,zip,state
1686321352565pxac1mzz,ciudad autonoma buenos aires,c1001aad,capital federal,
id,name,zip,state
1686321354881c2kbhbuv,ciudad autonoma buenos aires,c1001aae,capital federal,
id,name,zip,state
1686321359107rpu7mzpc,ciudad autonoma buenos aires,c1001aaf,capital federal,
id,name,zip,state
1686321364612xw8tryzk,ciudad autonoma buenos aires,c1001aag,capital federal,
id,name,zip,state
1686321386829nyu3cyk6,ciudad autonoma buenos aires,c1001aan,capital federal,
id,name,zip,state
1686321389807cuewpxdq,ciudad autonoma buenos aires,c1001aao,capital federal,
id,name,zip,state
1686321393938qny7iqws,ciudad autonoma buenos aires,c1001aap,capital federal,
id,name,zip,state
1686321398445c5dg7jvo,ciudad autonoma buenos aires,c1001aaq,capital federal,
id,name,zip,state
1686321402620kyshps7u,ciudad autonoma buenos aires,c1001aar,capital federal,
id,name,zip,state
1686321407437gvqm8ber,ciudad autonoma buenos aires,c1001aas,capital federal,
id,name,zip,state
16863214115821kapdck3,ciudad autonoma buenos aires,c1001aat,capital federal,
id,name,zip,state
1686321436034krnmt3hl,ciudad autonoma buenos aires,c1001aba,capital federal,
id,name,zip,state
1686321440453ivj5psss,ciudad autonoma buenos aires,c1001abb,capital federal,
id,name,zip,state
1686321444722lb0t73pl,ciudad autonoma buenos aires,c1001abc,capital federal,
id,name,zip,state
1686321449034r86kd3xy,ciudad autonoma buenos aires,c1001abd,capital federal,
id,name,zip,state
16863214532925kawgptt,ciudad autonoma buenos aires,c1001abe,capital federal,
id,name,zip,state
1686321457343bv2tw4he,ciudad autonoma buenos aires,c1001abf,capital federal,
id,name,zip,state
1686321459818f42zd30b,ciudad autonoma buenos aires,c1001abg,capital federal,
id,name,zip,state
1686321462312lwufqure,ciudad autonoma buenos aires,c1001abh,capital federal,
id,name,zip,state
1686321466437rx1rtaz4,ciudad autonoma buenos aires,c1001abi,capital federal,
id,name,zip,state
16863214704999c3gl2ms,ciudad autonoma buenos aires,c1001abj,capital federal,
id,name,zip,state
168632148275647dkarwt,ciudad autonoma buenos aires,c1001abn,capital federal,
id,name,zip,state
1686321487098fr4djbj6,ciudad autonoma buenos aires,c1001abo,capital federal,
id,name,zip,state
1686321492585l4cg7u6h,ciudad autonoma buenos aires,c1001abp,capital federal,
id,name,zip,state
1686321497517pficn4em,ciudad autonoma buenos aires,c1001abq,capital federal,
id,name,zip,state
16863215021182lnpwybb,ciudad autonoma buenos aires,c1001abr,capital federal,
id,name,zip,state
16863215053400i3dnq9e,ciudad autonoma buenos aires,c1001abs,capital federal,
id,name,zip,state
1686321508305sfwgzosg,ciudad autonoma buenos aires,c1001abt,capital federal,
id,name,zip,state
1686321512646h7rj0q1r,ciudad autonoma buenos aires,c1001abu,capital federal,
id,name,zip,state
1686321515872jrgjqwo6,ciudad autonoma buenos aires,c1001abv,capital federal,
id,name,zip,state
1686321520421ikvj8gny,ciudad autonoma buenos aires,c1001abw,capital federal,
id,name,zip,state
1686321536817icmxkcjt,ciudad autonoma buenos aires,c1001aca,capital federal,
